period,location,stateDescription,sectorid,sectorDescription,fueltypeid,fuelTypeDescription,generation,generation-units
2010-01,NY,New York,2,IPP Non-CHP,WND,wind,230.22497,thousand megawatthours
2010-02,NY,New York,2,IPP Non-CHP,WND,wind,206.30424,thousand megawatthours
2010-03,NY,New York,2,IPP Non-CHP,WND,wind,237.98972,thousand megawatthours
2010-04,NY,New York,2,IPP Non-CHP,WND,wind,236.079,thousand megawatthours
2010-05,NY,New York,2,IPP Non-CHP,WND,wind,195.61799,thousand megawatthours
2010-06,NY,New York,2,IPP Non-CHP,WND,wind,172.67988,thousand megawatthours
2010-07,NY,New York,2,IPP Non-CHP,WND,wind,157.41994,thousand megawatthours
2010-08,NY,New York,2,IPP Non-CHP,WND,wind,157.1688,thousand megawatthours
2010-09,NY,New York,2,IPP Non-CHP,WND,wind,234.73438,thousand megawatthours
2010-10,NY,New York,2,IPP Non-CHP,WND,wind,255.27241,thousand megawatthours
2010-11,NY,New York,2,IPP Non-CHP,WND,wind,257.41098,thousand megawatthours
2010-12,NY,New York,2,IPP Non-CHP,WND,wind,255.25168,thousand megawatthours
2011-01,NY,New York,2,IPP Non-CHP,WND,wind,178.43353,thousand megawatthours
2011-02,NY,New York,2,IPP Non-CHP,WND,wind,325.60029,thousand megawatthours
2011-03,NY,New York,2,IPP Non-CHP,WND,wind,311.72237,thousand megawatthours
2011-04,NY,New York,2,IPP Non-CHP,WND,wind,325.08545,thousand megawatthours
2011-05,NY,New York,2,IPP Non-CHP,WND,wind,187.05284,thousand megawatthours
2011-06,NY,New York,2,IPP Non-CHP,WND,wind,172.58491,thousand megawatthours
2011-07,NY,New York,2,IPP Non-CHP,WND,wind,145.64876,thousand megawatthours
2011-08,NY,New York,2,IPP Non-CHP,WND,wind,155.50114,thousand megawatthours
2011-09,NY,New York,2,IPP Non-CHP,WND,wind,150.73859,thousand megawatthours
2011-10,NY,New York,2,IPP Non-CHP,WND,wind,241.54088,thousand megawatthours
2011-11,NY,New York,2,IPP Non-CHP,WND,wind,330.37311,thousand megawatthours
2011-12,NY,New York,2,IPP Non-CHP,WND,wind,303.78713,thousand megawatthours
2012-01,NY,New York,2,IPP Non-CHP,WND,wind,393.32338,thousand megawatthours
2012-02,NY,New York,2,IPP Non-CHP,WND,wind,307.38311,thousand megawatthours
2012-03,NY,New York,2,IPP Non-CHP,WND,wind,320.82247,thousand megawatthours
2012-04,NY,New York,2,IPP Non-CHP,WND,wind,273.76699,thousand megawatthours
2012-05,NY,New York,2,IPP Non-CHP,WND,wind,167.39503,thousand megawatthours
2012-06,NY,New York,2,IPP Non-CHP,WND,wind,205.6816,thousand megawatthours
2012-07,NY,New York,2,IPP Non-CHP,WND,wind,122.65662,thousand megawatthours
2012-08,NY,New York,2,IPP Non-CHP,WND,wind,148.69675,thousand megawatthours
2012-09,NY,New York,2,IPP Non-CHP,WND,wind,184.15136,thousand megawatthours
2012-10,NY,New York,2,IPP Non-CHP,WND,wind,270.56865,thousand megawatthours
2012-11,NY,New York,2,IPP Non-CHP,WND,wind,241.82161,thousand megawatthours
2012-12,NY,New York,2,IPP Non-CHP,WND,wind,351.61691,thousand megawatthours
2013-01,NY,New York,2,IPP Non-CHP,WND,wind,421.53104,thousand megawatthours
2013-02,NY,New York,2,IPP Non-CHP,WND,wind,289.98754,thousand megawatthours
2013-03,NY,New York,2,IPP Non-CHP,WND,wind,311.71188,thousand megawatthours
2013-04,NY,New York,2,IPP Non-CHP,WND,wind,403.94276,thousand megawatthours
2013-05,NY,New York,2,IPP Non-CHP,WND,wind,279.27693,thousand megawatthours
2013-06,NY,New York,2,IPP Non-CHP,WND,wind,206.6052,thousand megawatthours
2013-07,NY,New York,2,IPP Non-CHP,WND,wind,145.02884,thousand megawatthours
2013-08,NY,New York,2,IPP Non-CHP,WND,wind,180.27572,thousand megawatthours
2013-09,NY,New York,2,IPP Non-CHP,WND,wind,204.54126,thousand megawatthours
2013-10,NY,New York,2,IPP Non-CHP,WND,wind,299.11314,thousand megawatthours
2013-11,NY,New York,2,IPP Non-CHP,WND,wind,444.42015,thousand megawatthours
2013-12,NY,New York,2,IPP Non-CHP,WND,wind,349.39254,thousand megawatthours
2014-01,NY,New York,2,IPP Non-CHP,WND,wind,455.98746,thousand megawatthours
2014-02,NY,New York,2,IPP Non-CHP,WND,wind,368.20612,thousand megawatthours
2014-03,NY,New York,2,IPP Non-CHP,WND,wind,398.79785,thousand megawatthours
2014-04,NY,New York,2,IPP Non-CHP,WND,wind,442.82727,thousand megawatthours
2014-05,NY,New York,2,IPP Non-CHP,WND,wind,287.55895,thousand megawatthours
2014-06,NY,New York,2,IPP Non-CHP,WND,wind,189.16845,thousand megawatthours
2014-07,NY,New York,2,IPP Non-CHP,WND,wind,235.41105,thousand megawatthours
2014-08,NY,New York,2,IPP Non-CHP,WND,wind,184.68536,thousand megawatthours
2014-09,NY,New York,2,IPP Non-CHP,WND,wind,239.21589,thousand megawatthours
2014-10,NY,New York,2,IPP Non-CHP,WND,wind,361.56286,thousand megawatthours
2014-11,NY,New York,2,IPP Non-CHP,WND,wind,471.3807,thousand megawatthours
2014-12,NY,New York,2,IPP Non-CHP,WND,wind,331.14505,thousand megawatthours
2015-01,NY,New York,2,IPP Non-CHP,WND,wind,487.46731,thousand megawatthours
2015-02,NY,New York,2,IPP Non-CHP,WND,wind,342.42148,thousand megawatthours
2015-03,NY,New York,2,IPP Non-CHP,WND,wind,439.67198,thousand megawatthours
2015-04,NY,New York,2,IPP Non-CHP,WND,wind,394.73015,thousand megawatthours
2015-05,NY,New York,2,IPP Non-CHP,WND,wind,317.74235,thousand megawatthours
2015-06,NY,New York,2,IPP Non-CHP,WND,wind,219.98547,thousand megawatthours
2015-07,NY,New York,2,IPP Non-CHP,WND,wind,183.88059,thousand megawatthours
2015-08,NY,New York,2,IPP Non-CHP,WND,wind,194.42568,thousand megawatthours
2015-09,NY,New York,2,IPP Non-CHP,WND,wind,189.07376,thousand megawatthours
2015-10,NY,New York,2,IPP Non-CHP,WND,wind,390.12057,thousand megawatthours
2015-11,NY,New York,2,IPP Non-CHP,WND,wind,414.28084,thousand megawatthours
2015-12,NY,New York,2,IPP Non-CHP,WND,wind,400.69082,thousand megawatthours
2016-01,NY,New York,2,IPP Non-CHP,WND,wind,479.90591,thousand megawatthours
2016-02,NY,New York,2,IPP Non-CHP,WND,wind,436.61964,thousand megawatthours
2016-03,NY,New York,2,IPP Non-CHP,WND,wind,387.74512,thousand megawatthours
2016-04,NY,New York,2,IPP Non-CHP,WND,wind,256.67628,thousand megawatthours
2016-05,NY,New York,2,IPP Non-CHP,WND,wind,236.31082,thousand megawatthours
2016-06,NY,New York,2,IPP Non-CHP,WND,wind,277.52193,thousand megawatthours
2016-07,NY,New York,2,IPP Non-CHP,WND,wind,218.80215,thousand megawatthours
2016-08,NY,New York,2,IPP Non-CHP,WND,wind,213.96548,thousand megawatthours
2016-09,NY,New York,2,IPP Non-CHP,WND,wind,195.35163,thousand megawatthours
2016-10,NY,New York,2,IPP Non-CHP,WND,wind,326.48882,thousand megawatthours
2016-11,NY,New York,2,IPP Non-CHP,WND,wind,371.32592,thousand megawatthours
2016-12,NY,New York,2,IPP Non-CHP,WND,wind,537.79629,thousand megawatthours
2017-01,NY,New York,2,IPP Non-CHP,WND,wind,367.43609,thousand megawatthours
2017-02,NY,New York,2,IPP Non-CHP,WND,wind,384.06461,thousand megawatthours
2017-03,NY,New York,2,IPP Non-CHP,WND,wind,426.18106,thousand megawatthours
2017-04,NY,New York,2,IPP Non-CHP,WND,wind,417.53421,thousand megawatthours
2017-05,NY,New York,2,IPP Non-CHP,WND,wind,359.93866,thousand megawatthours
2017-06,NY,New York,2,IPP Non-CHP,WND,wind,326.91215,thousand megawatthours
2017-07,NY,New York,2,IPP Non-CHP,WND,wind,248.32991,thousand megawatthours
2017-08,NY,New York,2,IPP Non-CHP,WND,wind,217.84163,thousand megawatthours
2017-09,NY,New York,2,IPP Non-CHP,WND,wind,250.10593,thousand megawatthours
2017-10,NY,New York,2,IPP Non-CHP,WND,wind,408.01515,thousand megawatthours
2017-11,NY,New York,2,IPP Non-CHP,WND,wind,378.02789,thousand megawatthours
2017-12,NY,New York,2,IPP Non-CHP,WND,wind,346.42072,thousand megawatthours
2018-01,NY,New York,2,IPP Non-CHP,WND,wind,450.06581,thousand megawatthours
2018-02,NY,New York,2,IPP Non-CHP,WND,wind,426.26081,thousand megawatthours
2018-03,NY,New York,2,IPP Non-CHP,WND,wind,304.47935,thousand megawatthours
2018-04,NY,New York,2,IPP Non-CHP,WND,wind,359.2054,thousand megawatthours
2018-05,NY,New York,2,IPP Non-CHP,WND,wind,321.94491,thousand megawatthours
2018-06,NY,New York,2,IPP Non-CHP,WND,wind,243.01546,thousand megawatthours
2018-07,NY,New York,2,IPP Non-CHP,WND,wind,232.32147,thousand megawatthours
2018-08,NY,New York,2,IPP Non-CHP,WND,wind,240.70209,thousand megawatthours
2018-09,NY,New York,2,IPP Non-CHP,WND,wind,259.45365,thousand megawatthours
2018-10,NY,New York,2,IPP Non-CHP,WND,wind,379.81393,thousand megawatthours
2018-11,NY,New York,2,IPP Non-CHP,WND,wind,388.26756,thousand megawatthours
2018-12,NY,New York,2,IPP Non-CHP,WND,wind,383.74549,thousand megawatthours
2019-01,NY,New York,2,IPP Non-CHP,WND,wind,464.80304,thousand megawatthours
2019-02,NY,New York,2,IPP Non-CHP,WND,wind,414.17819,thousand megawatthours
2019-03,NY,New York,2,IPP Non-CHP,WND,wind,470.43627,thousand megawatthours
2019-04,NY,New York,2,IPP Non-CHP,WND,wind,448.10401,thousand megawatthours
2019-05,NY,New York,2,IPP Non-CHP,WND,wind,300.50803,thousand megawatthours
2019-06,NY,New York,2,IPP Non-CHP,WND,wind,327.491,thousand megawatthours
2019-07,NY,New York,2,IPP Non-CHP,WND,wind,241.89729,thousand megawatthours
2019-08,NY,New York,2,IPP Non-CHP,WND,wind,254.38616,thousand megawatthours
2019-09,NY,New York,2,IPP Non-CHP,WND,wind,277.99221,thousand megawatthours
2019-10,NY,New York,2,IPP Non-CHP,WND,wind,392.51202,thousand megawatthours
2019-11,NY,New York,2,IPP Non-CHP,WND,wind,371.21706,thousand megawatthours
2019-12,NY,New York,2,IPP Non-CHP,WND,wind,488.15174,thousand megawatthours
2020-01,NY,New York,2,IPP Non-CHP,WND,wind,384.89427,thousand megawatthours
2020-02,NY,New York,2,IPP Non-CHP,WND,wind,390.64591,thousand megawatthours
2020-03,NY,New York,2,IPP Non-CHP,WND,wind,471.17896,thousand megawatthours
2020-04,NY,New York,2,IPP Non-CHP,WND,wind,450.08522,thousand megawatthours
2020-05,NY,New York,2,IPP Non-CHP,WND,wind,317.50244,thousand megawatthours
2020-06,NY,New York,2,IPP Non-CHP,WND,wind,241.78535,thousand megawatthours
2020-07,NY,New York,2,IPP Non-CHP,WND,wind,272.31067,thousand megawatthours
2020-08,NY,New York,2,IPP Non-CHP,WND,wind,246.45429,thousand megawatthours
2020-09,NY,New York,2,IPP Non-CHP,WND,wind,351.03755,thousand megawatthours
2020-10,NY,New York,2,IPP Non-CHP,WND,wind,375.2833,thousand megawatthours
2020-11,NY,New York,2,IPP Non-CHP,WND,wind,562.32065,thousand megawatthours
2020-12,NY,New York,2,IPP Non-CHP,WND,wind,452.8624,thousand megawatthours
